,,p225,p226,p227,p228,p229,p230,p231,p232,p233,p236,p239,p240,p243,p244,p254,p256,p258,p259,p270,p273
StarganOrg,PESQ,"[1.396060824394226, 1.3497477769851685, 1.390255331993103, 1.1055951118469238, 1.4881422519683838, 1.3180437088012695]","[1.060010552406311, 1.066087007522583, 1.0780234336853027, 1.0858336687088013, 1.0758490562438965, 1.0857537984848022, 1.1005892753601074, 1.0836092233657837]","[1.0851532220840454, 1.0784450769424438, 1.0781277418136597, 1.0929887294769287, 1.0920040607452393, 1.1136784553527832, 1.0886507034301758]","[1.4728468656539917, 1.4330424070358276, 1.292752981185913, 1.2793078422546387, 1.2206544876098633, 1.2267863750457764, 1.3070337772369385, 1.1461735963821411, 1.1422022581100464]","[1.4308950901031494, 1.3572413921356201, 1.4384713172912598, 1.7577486038208008, 1.3586339950561523, 1.2850650548934937, 1.5484428405761719, 1.4504896402359009]","[1.2611793279647827, 1.3467363119125366, 1.3433209657669067, 1.332481026649475, 1.2853573560714722, 1.382399559020996, 1.1803562641143799, 1.2005997896194458]","[1.1998692750930786, 1.1985516548156738, 1.1756871938705444, 1.1773951053619385, 1.3007705211639404, 1.136304259300232, 1.0936187505722046]","[1.0687134265899658, 1.0630652904510498, 1.0651692152023315, 1.0672475099563599, 1.0685579776763916, 1.0616194009780884, 1.0775914192199707]","[1.3044254779815674, 1.3472771644592285, 1.4178106784820557, 1.3911762237548828, 1.1880834102630615, 1.6403751373291016, 1.2759654521942139]","[1.1892942190170288, 1.098297119140625, 1.1587311029434204, 1.3109145164489746, 1.1395454406738281, 1.166810393333435, 1.234848141670227, 1.2388287782669067, 1.2073878049850464]","[1.033982753753662, 1.033717155456543, 1.0351485013961792, 1.0366319417953491, 1.0311306715011597, 1.0348659753799438, 1.0344946384429932, 1.04491126537323, 1.053088665008545]","[1.0399577617645264, 1.034287691116333, 1.0383244752883911, 1.0413382053375244, 1.030228853225708, 1.031957745552063, 1.0329197645187378, 1.0375748872756958]","[1.2393726110458374, 1.1615748405456543, 1.203928828239441, 1.1556849479675293, 1.1917859315872192, 1.2441389560699463, 1.1484286785125732, 1.1912919282913208, 1.189391016960144]","[1.0375877618789673, 1.0317935943603516, 1.039668083190918, 1.0342655181884766, 1.0425164699554443, 1.0426526069641113, 1.054422378540039]","[1.3136889934539795, 1.4601064920425415, 1.28435218334198, 1.4491132497787476, 1.3325024843215942, 1.3151477575302124, 1.3162455558776855]","[1.3613320589065552, 1.2922074794769287, 1.2635877132415771, 1.4087591171264648, 1.4205917119979858, 1.346001148223877, 1.2432540655136108]","[1.2386133670806885, 1.2225737571716309, 1.2991863489151, 1.3742811679840088, 1.263859748840332, 1.2085741758346558]","[1.3941943645477295, 1.2202914953231812, 1.3365871906280518, 1.2515745162963867, 1.2529027462005615, 1.2506988048553467, 1.370042085647583, 1.1656148433685303, 1.3503491878509521]","[1.2097464799880981, 1.2925536632537842, 1.2587965726852417, 1.3105989694595337, 1.1870920658111572, 1.157940149307251, 1.2051234245300293, 1.2899836301803589, 1.1752129793167114, 1.2503896951675415, 1.2468196153640747]","[1.1994050741195679, 1.3222382068634033, 1.2046490907669067, 1.1899813413619995, 1.309731125831604, 1.2148994207382202, 1.2540966272354126]"
StarganOrg,PESQ_ref,"[3.6884942054748535, 3.701674461364746, 3.8658432960510254, 4.066910743713379, 3.776134729385376, 3.828371047973633]","[3.173232078552246, 3.117553234100342, 3.6005890369415283, 3.534553050994873, 3.2223432064056396, 3.431928873062134, 3.3528454303741455, 3.4361371994018555]","[3.4732959270477295, 3.5550074577331543, 3.4982094764709473, 3.3791606426239014, 3.4920806884765625, 3.58548903465271, 3.3877456188201904]","[4.128931522369385, 4.104712009429932, 4.094630241394043, 4.083442687988281, 4.160727024078369, 3.9473087787628174, 4.044565200805664, 4.0531840324401855, 4.0101423263549805]","[3.930211305618286, 3.919689655303955, 4.081730365753174, 3.8074307441711426, 3.755995512008667, 3.8433525562286377, 3.8354830741882324, 3.9933760166168213]","[4.129181861877441, 3.974924325942993, 4.171385288238525, 4.084314823150635, 4.015043258666992, 4.01859188079834, 4.002895832061768, 4.143674850463867]","[3.670443296432495, 3.907926559448242, 3.7457683086395264, 3.979522705078125, 3.9133832454681396, 3.8956189155578613, 3.6275839805603027]","[2.1037843227386475, 3.361264228820801, 3.4990286827087402, 3.493065357208252, 3.52384614944458, 3.5489068031311035, 3.5544161796569824]","[4.150923252105713, 2.3428549766540527, 3.858950138092041, 3.8082163333892822, 4.15733003616333, 4.101701736450195, 4.081308841705322]","[3.7880232334136963, 4.234839916229248, 4.110613822937012, 3.403061866760254, 4.182112693786621, 3.988987922668457, 4.1985321044921875, 4.029670238494873, 3.555166482925415]","[3.7843899726867676, 3.8248450756073, 3.878354549407959, 3.9547762870788574, 3.5065062046051025, 3.715247392654419, 3.8606197834014893, 3.929246425628662, 3.771772623062134]","[4.0004496574401855, 3.924560308456421, 3.8877391815185547, 3.954740047454834, 3.9109549522399902, 3.777270793914795, 3.842113733291626, 3.9870684146881104]","[3.5237531661987305, 3.6536471843719482, 3.552834987640381, 3.4226882457733154, 3.692636013031006, 3.4942665100097656, 3.6900079250335693, 3.5638620853424072, 3.5954501628875732]","[3.8336398601531982, 4.049294471740723, 4.098046779632568, 3.752347946166992, 4.010767459869385, 4.032104969024658, 3.9419853687286377]","[3.093327522277832, 3.2371394634246826, 3.0646402835845947, 2.736236095428467, 3.0541951656341553, 3.388486385345459, 3.003998279571533]","[3.293520927429199, 3.5177969932556152, 3.537808895111084, 3.310269594192505, 3.469581365585327, 3.554550886154175, 3.502629041671753]","[3.307973623275757, 3.356397867202759, 3.1599950790405273, 3.2772371768951416, 1.7463003396987915, 3.0984959602355957]","[3.0816850662231445, 3.244790554046631, 3.2631332874298096, 2.022920608520508, 3.1079792976379395, 3.3067007064819336, 3.1862595081329346, 3.315568685531616, 3.3086459636688232]","[2.3193142414093018, 2.51259446144104, 2.355053186416626, 2.1514389514923096, 2.051025629043579, 2.0936529636383057, 2.0142533779144287, 2.6626827716827393, 2.258742094039917, 2.4383790493011475, 2.076911449432373]","[2.8918230533599854, 3.2803642749786377, 3.2453227043151855, 3.2957496643066406, 3.127046823501587, 2.9738919734954834, 2.970069646835327]"
StarganOrg,MSE,"[0.47510923138786765, 0.47420544980177237, 0.36799043007121807, 0.329566157258899, 0.42304993433041255, 0.5691657840925763]","[0.35197260521014806, 0.43643600109011627, 0.3953442501615724, 0.33358742263905866, 0.34605284431912253, 0.41714706096243354, 0.3439257148171769, 0.3307638213965311]","[0.44214832394622094, 0.4049009984853316, 0.40615304854395207, 0.5970288938830514, 0.344136962890625, 0.4032029095818015, 0.38183245382286835]","[0.2910807195015588, 0.47255756131452115, 0.3722941924922199, 0.3090650276929574, 0.44464410375878516, 0.4096137640449438, 0.8268308100576153, 0.4840206755050505, 0.6208376874336518]","[0.34176428634129213, 0.5476222359967565, 0.31513869234187875, 0.3445131193209725, 0.3632926745292468, 0.5235452056219734, 0.3457151454609034, 0.3236626776833432]","[0.44145244755410107, 0.425139725350537, 0.6114647823309748, 0.45517136594082447, 0.4511507553652108, 0.6195376606947484, 0.5810458508555685, 0.4063343864175218]","[0.43468855947818397, 0.4937596979647806, 0.40619004035311124, 0.345170219946927, 0.3260224241851479, 0.4411166451918058, 0.3166837977902325]","[0.3877912692991299, 0.5050336351016068, 0.4168596019622868, 0.4201607016188588, 0.38358148385479723, 0.4672073397501362, 0.38485003972457626]","[0.3266407737595206, 0.2663011290186601, 0.30980540205792684, 0.3449883740021152, 0.34251176629056795, 0.31399329974131657, 0.383372508696396]","[0.49555443096371415, 0.3932930865691076, 0.3785911527593085, 0.47166919780774713, 0.45216209041262134, 0.3852111393529879, 0.4194568998809765, 0.45677940768196695, 0.3771609126212482]","[0.5985688308189655, 0.5417549731985664, 0.5252617297431988, 0.5112538166962336, 0.5366223709444164, 0.6318010258721647, 0.5675757784541156, 0.5843719831593249, 0.6056701359490456]","[0.46584467230902776, 0.523939606741573, 0.4527252324954236, 0.4773768865013465, 0.49887368385529157, 0.5369759079730996, 0.44424260846895514, 0.5821971808118797]","[0.5500545030644673, 0.38919972849416207, 0.5011583910826359, 0.3643090622627783, 0.4063932750146714, 0.46096788194444444, 0.34255719447879196, 0.35730582459332194, 0.3761463117399974]","[0.5432890866126543, 0.6488355804771505, 0.6697046524439103, 0.590635500672043, 0.6495795227340048, 0.6531545960407549, 0.7692222051597052]","[0.26946999034662356, 0.2955397225646322, 0.29659471207013416, 0.41956204204028374, 0.33593059301926964, 0.24980446403032036, 0.2642189276610182]","[0.2826353100535806, 0.25562103343972686, 0.2384129285232284, 0.30846747340926206, 0.24061338580470473, 0.28984306292507034, 0.26892492878748514]","[0.37526880782870103, 0.3335044547303082, 0.3837820221656977, 0.28098264208026963, 0.33999350996478084, 0.3720134110443164]","[0.3803803369341564, 0.436467604496308, 0.4166688814444884, 0.3503863613000897, 0.3497110901636166, 0.4096337008189006, 0.44807783139297386, 0.36973828580273893, 0.3626918247767857]","[0.6131543488198138, 0.5207462226849022, 0.2884061939521522, 0.41454463465073527, 0.6815622374831989, 0.4562646888390219, 0.5432616387038934, 0.38165567851387333, 0.40546637556499376, 0.47711433392348623, 0.3772709763126333]","[0.3460028754340278, 0.40507534944984824, 0.2887272416644168, 0.368773586467161, 0.3076763853092784, 0.36841711837254215, 0.33460552207407657]"
StarganOrg,MSE_ref,"[1.8895018382352942, 1.8412224764847638, 1.7248779776522594, 1.4761932170943708, 1.743656463244417, 1.9288108861502347]","[1.6185512848432055, 1.9443627361918605, 1.7837796770453163, 1.6878149892769607, 1.6498490865251658, 1.7545021609042553, 1.7066825883999432, 1.5022373716606858]","[1.5506574210474047, 1.500105646306818, 1.45081992909209, 1.8706080274290393, 1.4567580202792554, 1.57030189479638, 1.3080971985571346]","[1.4068077540454276, 1.8534269570118158, 1.708804257974585, 1.5089605192632536, 1.6726684080070282, 1.7216907698384831, 2.163302386022044, 1.8140500710227272, 1.8747234109607218]","[1.7641210057713963, 2.214141015625, 1.7712296875, 1.6907113365667976, 1.8331253219436814, 2.0687383855430825, 1.6139827545032752, 1.6091968936011904]","[1.6480668555160412, 1.638281016930191, 1.9599361651598532, 1.5991737311613474, 1.6266132106551205, 1.7791097005208334, 1.8182125507540603, 1.551645945079291]","[1.722730505601415, 1.8290236404806581, 1.684171943832599, 1.516880265550772, 1.5773268074824893, 1.7669644604645094, 1.448753467504529]","[1.7007478675063776, 2.0680267160916825, 1.8038054704157782, 1.8459492090329601, 1.6344497200363197, 1.8664288024237472, 1.7116058659957627]","[1.9285009240591398, 1.6170319994004796, 1.8385914872332316, 1.8457839366129913, 1.8375619283536586, 1.7539777454242929, 1.8701862121730535]","[1.8905012589679913, 1.6501139322916667, 1.701900972406915, 1.9857193515327947, 1.7789680673543689, 1.7587381998697917, 1.786212741845624, 1.8207120139105362, 1.705562831716691]","[2.240151471418309, 1.836294917945171, 1.920011103130863, 2.0738102142467247, 2.0265336157570424, 2.231443964188856, 2.0539874967981557, 2.1729086779673166, 2.2620603063423643]","[1.9616404079861112, 2.0803546348314605, 1.9624009136375522, 1.9609145323720827, 2.030822463890389, 2.111962367839936, 1.7471310004102845, 2.249156230614144]","[1.8600433423501816, 1.5770395132211539, 1.7372321603687237, 1.4404052734375, 1.5492666611649062, 1.7729329427083333, 1.4505225548377403, 1.5330966777764188, 1.531194327765429]","[1.5591825810185185, 1.7630529995622306, 1.6041639350233101, 1.631279506888441, 1.7636323033915877, 1.5006107255196937, 2.011728467636671]","[2.0620855783045977, 2.1553276909722223, 2.1721706442636988, 2.3037849638650965, 2.2444340448181292, 2.084651618047592, 2.131029700337441]","[1.8974793859086243, 1.8967969912574405, 1.7707744069343065, 1.9870279555722892, 1.8565449089403974, 1.8728435008208255, 1.8577484421502977]","[1.7320507137456798, 1.5817801976312786, 1.6515891851380815, 1.4647805606617648, 1.616357858620304, 1.6796129769475359]","[1.849753649048354, 1.8430552808544305, 1.8896628593090716, 1.7306975880308015, 1.717185561414392, 1.7924736053589359, 1.9022107758033768, 1.7221272406176986, 1.7682045865221088]","[2.1134013464095744, 2.0359425264246322, 1.632459873540856, 1.8014214154411765, 2.19218497983871, 2.0277879358747044, 1.9463806352459017, 1.7985047207819507, 1.8260326965788654, 1.963778569148137, 1.8787169888488249]","[1.8091482162475585, 1.8044933757950774, 1.5334137292454104, 1.8439836183414045, 1.7120123240573346, 1.7158666112401464, 1.7522958628881156]"
StarganPhone,PESQ,"[1.4218621253967285, 1.2352473735809326, 1.4606683254241943, 1.195497751235962, 1.467901349067688, 1.4235641956329346]","[1.0523015260696411, 1.0559386014938354, 1.0593096017837524, 1.0748780965805054, 1.067143201828003, 1.0783389806747437, 1.0948069095611572, 1.0716115236282349]","[1.0741076469421387, 1.0627950429916382, 1.0492538213729858, 1.064356803894043, 1.0592421293258667, 1.0841333866119385, 1.067984938621521]","[1.3261069059371948, 1.516737937927246, 1.347757339477539, 1.4036649465560913, 1.632272720336914, 1.2982208728790283, 1.229062795639038, 1.3765006065368652, 1.337056040763855]","[1.5190095901489258, 1.4173976182937622, 1.5499217510223389, 1.7948791980743408, 1.3298060894012451, 1.3960576057434082, 1.5281059741973877, 1.546217679977417]","[1.1578556299209595, 1.2193793058395386, 1.1554105281829834, 1.147068738937378, 1.1866164207458496, 1.2306087017059326, 1.1133370399475098, 1.1187541484832764]","[1.1186363697052002, 1.0795166492462158, 1.0870743989944458, 1.202822208404541, 1.1332134008407593, 1.0755350589752197, 1.06836998462677]","[1.0572447776794434, 1.0611114501953125, 1.0559953451156616, 1.053134560585022, 1.0637761354446411, 1.0563503503799438, 1.0733968019485474]","[1.2350354194641113, 1.3840137720108032, 1.3518155813217163, 1.3129249811172485, 1.1559438705444336, 1.4580059051513672, 1.290921926498413]","[1.3215934038162231, 1.1262201070785522, 1.1770166158676147, 1.322188377380371, 1.1608121395111084, 1.1670414209365845, 1.2962238788604736, 1.353339672088623, 1.2185696363449097]","[1.0347853899002075, 1.052615761756897, 1.0498894453048706, 1.0414905548095703, 1.0445219278335571, 1.0343060493469238, 1.047341227531433, 1.0442842245101929, 1.0459872484207153]","[1.0488593578338623, 1.0428247451782227, 1.0429710149765015, 1.0442147254943848, 1.0348656177520752, 1.0395861864089966, 1.0333760976791382, 1.0344263315200806]","[1.1942428350448608, 1.162805199623108, 1.2873502969741821, 1.1716200113296509, 1.255445122718811, 1.2358465194702148, 1.1644083261489868, 1.2027956247329712, 1.1606048345565796]","[1.0404049158096313, 1.030706763267517, 1.056145429611206, 1.0352567434310913, 1.0444588661193848, 1.0561200380325317, 1.0500069856643677]","[1.2781450748443604, 1.392854928970337, 1.186720609664917, 1.3618525266647339, 1.4283398389816284, 1.260414481163025, 1.2688645124435425]","[1.3624106645584106, 1.2923226356506348, 1.2711007595062256, 1.3419442176818848, 1.4349112510681152, 1.4130877256393433, 1.2446045875549316]","[1.2575953006744385, 1.2407355308532715, 1.2254393100738525, 1.3184229135513306, 1.3070513010025024, 1.2087786197662354]","[1.33274245262146, 1.2648905515670776, 1.3407104015350342, 1.3062448501586914, 1.2525575160980225, 1.312793493270874, 1.3172129392623901, 1.1618783473968506, 1.3539893627166748]","[1.090861439704895, 1.2077369689941406, 1.1971173286437988, 1.237922191619873, 1.0979154109954834, 1.1576049327850342, 1.0938982963562012, 1.2730004787445068, 1.1456178426742554, 1.223940134048462, 1.2129815816879272]","[1.2261948585510254, 1.2899049520492554, 1.2479933500289917, 1.1860369443893433, 1.2424015998840332, 1.2311307191848755, 1.197675347328186]"
StarganPhone,PESQ_ref,"[3.6884942054748535, 3.701674461364746, 3.8658432960510254, 4.066910743713379, 3.776134729385376, 3.828371047973633]","[3.173232078552246, 3.117553234100342, 3.6005890369415283, 3.534553050994873, 3.2223432064056396, 3.431928873062134, 3.3528454303741455, 3.4361371994018555]","[3.4732959270477295, 3.5550074577331543, 3.4982094764709473, 3.3791606426239014, 3.4920806884765625, 3.58548903465271, 3.3877456188201904]","[4.128931522369385, 4.104712009429932, 4.094630241394043, 4.083442687988281, 4.160727024078369, 3.9473087787628174, 4.044565200805664, 4.0531840324401855, 4.0101423263549805]","[3.930211305618286, 3.919689655303955, 4.081730365753174, 3.8074307441711426, 3.755995512008667, 3.8433525562286377, 3.8354830741882324, 3.9933760166168213]","[4.129181861877441, 3.974924325942993, 4.171385288238525, 4.084314823150635, 4.015043258666992, 4.01859188079834, 4.002895832061768, 4.143674850463867]","[3.670443296432495, 3.907926559448242, 3.7457683086395264, 3.979522705078125, 3.9133832454681396, 3.8956189155578613, 3.6275839805603027]","[2.1037843227386475, 3.361264228820801, 3.4990286827087402, 3.493065357208252, 3.52384614944458, 3.5489068031311035, 3.5544161796569824]","[4.150923252105713, 2.3428549766540527, 3.858950138092041, 3.8082163333892822, 4.15733003616333, 4.101701736450195, 4.081308841705322]","[3.7880232334136963, 4.234839916229248, 4.110613822937012, 3.403061866760254, 4.182112693786621, 3.988987922668457, 4.1985321044921875, 4.029670238494873, 3.555166482925415]","[3.7843899726867676, 3.8248450756073, 3.878354549407959, 3.9547762870788574, 3.5065062046051025, 3.715247392654419, 3.8606197834014893, 3.929246425628662, 3.771772623062134]","[4.0004496574401855, 3.924560308456421, 3.8877391815185547, 3.954740047454834, 3.9109549522399902, 3.777270793914795, 3.842113733291626, 3.9870684146881104]","[3.5237531661987305, 3.6536471843719482, 3.552834987640381, 3.4226882457733154, 3.692636013031006, 3.4942665100097656, 3.6900079250335693, 3.5638620853424072, 3.5954501628875732]","[3.8336398601531982, 4.049294471740723, 4.098046779632568, 3.752347946166992, 4.010767459869385, 4.032104969024658, 3.9419853687286377]","[3.093327522277832, 3.2371394634246826, 3.0646402835845947, 2.736236095428467, 3.0541951656341553, 3.388486385345459, 3.003998279571533]","[3.293520927429199, 3.5177969932556152, 3.537808895111084, 3.310269594192505, 3.469581365585327, 3.554550886154175, 3.502629041671753]","[3.307973623275757, 3.356397867202759, 3.1599950790405273, 3.2772371768951416, 1.7463003396987915, 3.0984959602355957]","[3.0816850662231445, 3.244790554046631, 3.2631332874298096, 2.022920608520508, 3.1079792976379395, 3.3067007064819336, 3.1862595081329346, 3.315568685531616, 3.3086459636688232]","[2.3193142414093018, 2.51259446144104, 2.355053186416626, 2.1514389514923096, 2.051025629043579, 2.0936529636383057, 2.0142533779144287, 2.6626827716827393, 2.258742094039917, 2.4383790493011475, 2.076911449432373]","[2.8918230533599854, 3.2803642749786377, 3.2453227043151855, 3.2957496643066406, 3.127046823501587, 2.9738919734954834, 2.970069646835327]"
StarganPhone,MSE,"[0.2191492991727941, 0.26528420519472945, 0.16198457069621808, 0.16963421482650387, 0.18991290298348326, 0.25823828468860033]","[0.27464212557164636, 0.3014792650799419, 0.32706399810865266, 0.24369845588516198, 0.2633595582402042, 0.2822267443068484, 0.2565454046201814, 0.28188299395060806]","[0.3144732549881078, 0.30306166737528345, 0.3416422150151559, 0.4264331267910753, 0.2555569263214761, 0.27804443911729354, 0.248397735100058]","[0.18388876292031622, 0.2508738048041045, 0.1908378126215638, 0.1717039492918399, 0.22922701548381025, 0.22559472930565308, 0.5048226335483467, 0.29055989583333336, 0.3224439357749469]","[0.20511351167485956, 0.3297570630223927, 0.20121650010525824, 0.1730748144723109, 0.2008040767012935, 0.3139161042959292, 0.17289160849225574, 0.1629575172116241]","[0.30679636070861077, 0.28653060439662886, 0.42549954140461216, 0.2985139743092494, 0.31868431734751507, 0.44026327654882386, 0.4226829298687645, 0.2670624842098103]","[0.3396370365934552, 0.3952522824047344, 0.3122915125103249, 0.2706987757014549, 0.24126874369959678, 0.34205737661469204, 0.2915442425271739]","[0.27407607902695247, 0.35937176940571836, 0.3083135869203092, 0.30074068135883086, 0.2699333431068402, 0.3210756921040986, 0.2911764888440148]","[0.18660284883232528, 0.15183234271957435, 0.16256888040682166, 0.1684718369396493, 0.2231620123130071, 0.17830757737754785, 0.24919130645529197]","[0.27332211256553535, 0.2142651761942242, 0.2561756929438165, 0.26928636674192014, 0.29477911199180823, 0.19559681388026848, 0.23295176303560575, 0.23704821807785226, 0.2569871402589678]","[0.37308644261853446, 0.2729927170444542, 0.26553077912464823, 0.29896130957457695, 0.2748015927596831, 0.37217379538030076, 0.29621719329147495, 0.365221581360841, 0.3537108473002617]","[0.27395442708333334, 0.3456147406074438, 0.25766486642749736, 0.263881125869614, 0.34865667289585583, 0.3445597940645075, 0.26382009560482766, 0.3809829901229063]","[0.23966730962942645, 0.18374422513521635, 0.2265931452667364, 0.15600721845742663, 0.2147878154342723, 0.20067344835069445, 0.1999264358044814, 0.17240833498960373, 0.1693246242890298]","[0.2909513044945988, 0.40986658896169353, 0.29466817362325176, 0.36217363911290323, 0.2965121156231487, 0.25727883637342724, 0.40937829919763513]","[0.1958024509473779, 0.16721320243786647, 0.1744973099939355, 0.28386591190444327, 0.21249923882253174, 0.14055913231192793, 0.16295535665162852]","[0.17919404266796074, 0.12194057292439875, 0.13101105701604318, 0.16702997046780874, 0.1368537953357823, 0.1940831855358818, 0.13397163155526276]","[0.17535498834425403, 0.14449276162064784, 0.18690439623455668, 0.1180223386012391, 0.15157720739811606, 0.22311970963955682]","[0.23841206114969135, 0.20640786730287447, 0.2177828631823576, 0.15662162817265998, 0.1717442363426644, 0.2601671824014809, 0.21604743242783225, 0.18026511452414773, 0.16007045477696286]","[0.3479542054521277, 0.31148538379622553, 0.18652530180341076, 0.24139654181985293, 0.4636066133232527, 0.2765147973459663, 0.3497922403304303, 0.2550843106257007, 0.23479124150074035, 0.2702541287282674, 0.24773724846748402]","[0.21521215011269493, 0.22737950878690674, 0.1826743997198974, 0.2101532499668962, 0.17156173234133376, 0.1866920042573736, 0.17982671766260708]"
StarganPhone,MSE_ref,"[1.8895018382352942, 1.8412224764847638, 1.7248779776522594, 1.4761932170943708, 1.743656463244417, 1.9288108861502347]","[1.6185512848432055, 1.9443627361918605, 1.7837796770453163, 1.6878149892769607, 1.6498490865251658, 1.7545021609042553, 1.7066825883999432, 1.5022373716606858]","[1.5506574210474047, 1.500105646306818, 1.45081992909209, 1.8706080274290393, 1.4567580202792554, 1.57030189479638, 1.3080971985571346]","[1.4068077540454276, 1.8534269570118158, 1.708804257974585, 1.5089605192632536, 1.6726684080070282, 1.7216907698384831, 2.163302386022044, 1.8140500710227272, 1.8747234109607218]","[1.7641210057713963, 2.214141015625, 1.7712296875, 1.6907113365667976, 1.8331253219436814, 2.0687383855430825, 1.6139827545032752, 1.6091968936011904]","[1.6480668555160412, 1.638281016930191, 1.9599361651598532, 1.5991737311613474, 1.6266132106551205, 1.7791097005208334, 1.8182125507540603, 1.551645945079291]","[1.722730505601415, 1.8290236404806581, 1.684171943832599, 1.516880265550772, 1.5773268074824893, 1.7669644604645094, 1.448753467504529]","[1.7007478675063776, 2.0680267160916825, 1.8038054704157782, 1.8459492090329601, 1.6344497200363197, 1.8664288024237472, 1.7116058659957627]","[1.9285009240591398, 1.6170319994004796, 1.8385914872332316, 1.8457839366129913, 1.8375619283536586, 1.7539777454242929, 1.8701862121730535]","[1.8905012589679913, 1.6501139322916667, 1.701900972406915, 1.9857193515327947, 1.7789680673543689, 1.7587381998697917, 1.786212741845624, 1.8207120139105362, 1.705562831716691]","[2.240151471418309, 1.836294917945171, 1.920011103130863, 2.0738102142467247, 2.0265336157570424, 2.231443964188856, 2.0539874967981557, 2.1729086779673166, 2.2620603063423643]","[1.9616404079861112, 2.0803546348314605, 1.9624009136375522, 1.9609145323720827, 2.030822463890389, 2.111962367839936, 1.7471310004102845, 2.249156230614144]","[1.8600433423501816, 1.5770395132211539, 1.7372321603687237, 1.4404052734375, 1.5492666611649062, 1.7729329427083333, 1.4505225548377403, 1.5330966777764188, 1.531194327765429]","[1.5591825810185185, 1.7630529995622306, 1.6041639350233101, 1.631279506888441, 1.7636323033915877, 1.5006107255196937, 2.011728467636671]","[2.0620855783045977, 2.1553276909722223, 2.1721706442636988, 2.3037849638650965, 2.2444340448181292, 2.084651618047592, 2.131029700337441]","[1.8974793859086243, 1.8967969912574405, 1.7707744069343065, 1.9870279555722892, 1.8565449089403974, 1.8728435008208255, 1.8577484421502977]","[1.7320507137456798, 1.5817801976312786, 1.6515891851380815, 1.4647805606617648, 1.616357858620304, 1.6796129769475359]","[1.849753649048354, 1.8430552808544305, 1.8896628593090716, 1.7306975880308015, 1.717185561414392, 1.7924736053589359, 1.9022107758033768, 1.7221272406176986, 1.7682045865221088]","[2.1134013464095744, 2.0359425264246322, 1.632459873540856, 1.8014214154411765, 2.19218497983871, 2.0277879358747044, 1.9463806352459017, 1.7985047207819507, 1.8260326965788654, 1.963778569148137, 1.8787169888488249]","[1.8091482162475585, 1.8044933757950774, 1.5334137292454104, 1.8439836183414045, 1.7120123240573346, 1.7158666112401464, 1.7522958628881156]"
StarganPhoneDW,PESQ,"[1.248478651046753, 1.1697510480880737, 1.393531084060669, 1.351297378540039, 1.4337677955627441, 1.3025678396224976]","[1.0566470623016357, 1.0622119903564453, 1.065643072128296, 1.0782541036605835, 1.0823019742965698, 1.0735149383544922, 1.0887451171875, 1.0714340209960938]","[1.077791452407837, 1.0599596500396729, 1.0681931972503662, 1.086242914199829, 1.0670421123504639, 1.093744158744812, 1.0772783756256104]","[1.3140214681625366, 1.2837834358215332, 1.2035138607025146, 1.2903183698654175, 1.3190953731536865, 1.1937556266784668, 1.4673105478286743, 1.2175474166870117, 1.2972983121871948]","[1.243524193763733, 1.2537450790405273, 1.2040657997131348, 1.24745774269104, 1.3571659326553345, 1.3874647617340088, 1.2322757244110107, 1.2643280029296875]","[1.1607311964035034, 1.255895733833313, 1.1631425619125366, 1.1679675579071045, 1.2278026342391968, 1.2324851751327515, 1.1539926528930664, 1.1942880153656006]","[1.095107078552246, 1.0618315935134888, 1.0920639038085938, 1.0926870107650757, 1.0920803546905518, 1.0680625438690186, 1.0586390495300293]","[1.0425502061843872, 1.0608817338943481, 1.0588213205337524, 1.0698082447052002, 1.0683566331863403, 1.0603783130645752, 1.0935332775115967]","[1.0639954805374146, 1.0474523305892944, 1.0598820447921753, 1.0603253841400146, 1.0605149269104004, 1.0792328119277954, 1.0619239807128906]","[1.355943202972412, 1.3117408752441406, 1.1358622312545776, 1.2030236721038818, 1.2731702327728271, 1.3508316278457642, 1.307372808456421, 1.3277511596679688, 1.2174235582351685]","[1.028384804725647, 1.0257790088653564, 1.025503396987915, 1.0279639959335327, 1.028778076171875, 1.0257700681686401, 1.0248956680297852, 1.0338331460952759, 1.0331989526748657]","[1.0382778644561768, 1.0305781364440918, 1.0387060642242432, 1.033300757408142, 1.0266497135162354, 1.026540756225586, 1.029475450515747, 1.0317366123199463]","[1.2601962089538574, 1.206810712814331, 1.2429735660552979, 1.223616600036621, 1.232514500617981, 1.2906033992767334, 1.1898092031478882, 1.2521538734436035, 1.1837247610092163]","[1.0282504558563232, 1.0262925624847412, 1.034332275390625, 1.0307000875473022, 1.0341488122940063, 1.0348280668258667, 1.0324203968048096]","[1.2781232595443726, 1.3546479940414429, 1.2215839624404907, 1.2703700065612793, 1.2640314102172852, 1.1814738512039185, 1.2154591083526611]","[1.4060134887695312, 1.3768497705459595, 1.3024410009384155, 1.3987715244293213, 1.3760883808135986, 1.481311559677124, 1.35110342502594]","[1.2090262174606323, 1.2261861562728882, 1.301062822341919, 1.2031457424163818, 1.1096240282058716, 1.189962387084961]","[1.3550670146942139, 1.2067121267318726, 1.2604765892028809, 1.1574931144714355, 1.2778822183609009, 1.2649952173233032, 1.323927879333496, 1.2143168449401855, 1.2665860652923584]","[1.1688728332519531, 1.187795877456665, 1.17473566532135, 1.130295991897583, 1.1563787460327148, 1.155301570892334, 1.1522650718688965, 1.1696454286575317, 1.1361267566680908, 1.1726897954940796, 1.14113450050354]","[1.1390026807785034, 1.1733837127685547, 1.089302659034729, 1.1520650386810303, 1.1364723443984985, 1.196482539176941, 1.1025519371032715]"
StarganPhoneDW,PESQ_ref,"[3.6884942054748535, 3.701674461364746, 3.8658432960510254, 4.066910743713379, 3.776134729385376, 3.828371047973633]","[3.173232078552246, 3.117553234100342, 3.6005890369415283, 3.534553050994873, 3.2223432064056396, 3.431928873062134, 3.3528454303741455, 3.4361371994018555]","[3.4732959270477295, 3.5550074577331543, 3.4982094764709473, 3.3791606426239014, 3.4920806884765625, 3.58548903465271, 3.3877456188201904]","[4.128931522369385, 4.104712009429932, 4.094630241394043, 4.083442687988281, 4.160727024078369, 3.9473087787628174, 4.044565200805664, 4.0531840324401855, 4.0101423263549805]","[3.930211305618286, 3.919689655303955, 4.081730365753174, 3.8074307441711426, 3.755995512008667, 3.8433525562286377, 3.8354830741882324, 3.9933760166168213]","[4.129181861877441, 3.974924325942993, 4.171385288238525, 4.084314823150635, 4.015043258666992, 4.01859188079834, 4.002895832061768, 4.143674850463867]","[3.670443296432495, 3.907926559448242, 3.7457683086395264, 3.979522705078125, 3.9133832454681396, 3.8956189155578613, 3.6275839805603027]","[2.1037843227386475, 3.361264228820801, 3.4990286827087402, 3.493065357208252, 3.52384614944458, 3.5489068031311035, 3.5544161796569824]","[4.150923252105713, 2.3428549766540527, 3.858950138092041, 3.8082163333892822, 4.15733003616333, 4.101701736450195, 4.081308841705322]","[3.7880232334136963, 4.234839916229248, 4.110613822937012, 3.403061866760254, 4.182112693786621, 3.988987922668457, 4.1985321044921875, 4.029670238494873, 3.555166482925415]","[3.7843899726867676, 3.8248450756073, 3.878354549407959, 3.9547762870788574, 3.5065062046051025, 3.715247392654419, 3.8606197834014893, 3.929246425628662, 3.771772623062134]","[4.0004496574401855, 3.924560308456421, 3.8877391815185547, 3.954740047454834, 3.9109549522399902, 3.777270793914795, 3.842113733291626, 3.9870684146881104]","[3.5237531661987305, 3.6536471843719482, 3.552834987640381, 3.4226882457733154, 3.692636013031006, 3.4942665100097656, 3.6900079250335693, 3.5638620853424072, 3.5954501628875732]","[3.8336398601531982, 4.049294471740723, 4.098046779632568, 3.752347946166992, 4.010767459869385, 4.032104969024658, 3.9419853687286377]","[3.093327522277832, 3.2371394634246826, 3.0646402835845947, 2.736236095428467, 3.0541951656341553, 3.388486385345459, 3.003998279571533]","[3.293520927429199, 3.5177969932556152, 3.537808895111084, 3.310269594192505, 3.469581365585327, 3.554550886154175, 3.502629041671753]","[3.307973623275757, 3.356397867202759, 3.1599950790405273, 3.2772371768951416, 1.7463003396987915, 3.0984959602355957]","[3.0816850662231445, 3.244790554046631, 3.2631332874298096, 2.022920608520508, 3.1079792976379395, 3.3067007064819336, 3.1862595081329346, 3.315568685531616, 3.3086459636688232]","[2.3193142414093018, 2.51259446144104, 2.355053186416626, 2.1514389514923096, 2.051025629043579, 2.0936529636383057, 2.0142533779144287, 2.6626827716827393, 2.258742094039917, 2.4383790493011475, 2.076911449432373]","[2.8918230533599854, 3.2803642749786377, 3.2453227043151855, 3.2957496643066406, 3.127046823501587, 2.9738919734954834, 2.970069646835327]"
StarganPhoneDW,MSE,"[0.27177823414522057, 0.30481910515780475, 0.18104260038064832, 0.166727459299117, 0.21522592397836537, 0.31226451318588616]","[0.27931416474983667, 0.3207980843477471, 0.32403718897316, 0.24199373949419314, 0.25501086506622517, 0.27309092420212766, 0.25600580401431405, 0.2712917297460626]","[0.2730093248298758, 0.240283203125, 0.25953129510681294, 0.37883172847298036, 0.21999132521609044, 0.2416707172652715, 0.21306714546929378]","[0.1652955116398827, 0.25514432233364426, 0.20243211168471215, 0.16959609192275207, 0.22499191100338856, 0.22043871247366573, 0.4408240308742485, 0.3147894718671086, 0.3048097517333466]","[0.21962181519926263, 0.31774497879241514, 0.2165050514205963, 0.19910323886833867, 0.20310581752232143, 0.287885275187273, 0.19927050994473253, 0.17565559876503117]","[0.2633625612420551, 0.27013487167176314, 0.3642454263299266, 0.2737665126791519, 0.2964576960184488, 0.3980318098673414, 0.38438100438660094, 0.23182131639167444]","[0.3518115695017689, 0.4213098116339492, 0.3519039473344576, 0.33377004156769596, 0.28315629200268816, 0.36177614088596033, 0.34751079762039555]","[0.24371518198217318, 0.33274276531486296, 0.2717122742870469, 0.25786166214824313, 0.23199133330338226, 0.300955180249183, 0.24212890625]","[0.26287321138552866, 0.23877409790917267, 0.24904200111947408, 0.24934793663857804, 0.28305267891100405, 0.2614629507461522, 0.33997508696395984]","[0.27978515625, 0.20839489989019744, 0.26136290205285906, 0.30569994096067016, 0.2824099287014563, 0.19710315589816685, 0.2327035468053586, 0.2514996687967581, 0.27716534504255125]","[0.3441271150836412, 0.28525916239625254, 0.2806355717929174, 0.30401384778418394, 0.2849785971689512, 0.3553012945713141, 0.3218404758195936, 0.3439356753700658, 0.35626725821659483]","[0.28369965277777776, 0.3582760654406601, 0.276070847770659, 0.2711816756900808, 0.36231721091218955, 0.36343737975943524, 0.26245993315782273, 0.38644613639888337]","[0.2397423104570218, 0.16657274406908196, 0.22874383008629706, 0.15187293913682945, 0.19035872338523327, 0.20870571560329862, 0.16906950513807703, 0.15894664309029477, 0.15795182104390038]","[0.3095023148148148, 0.4172199470766129, 0.31892311789772726, 0.3611573053175403, 0.3120768036322571, 0.27235305084963074, 0.4542236328125]","[0.18996086734464798, 0.16351781653951225, 0.1877571280144121, 0.2898875855276365, 0.20671992841548786, 0.15416301666189933, 0.16997173470510563]","[0.16070491469616274, 0.11170233139799213, 0.12065758623926019, 0.17466493905308736, 0.13047144470888522, 0.17082379826014304, 0.1470271674584323]","[0.18703575310069845, 0.15143925915025686, 0.18193853333938953, 0.12843403203295206, 0.17375202213075805, 0.21561877033858307]","[0.23646539130819189, 0.232398310794106, 0.25366257293314876, 0.17871563925127093, 0.18995774792086695, 0.2724002455133032, 0.2364118455541939, 0.18829064002403847, 0.17939080824387046]","[0.2963904328041888, 0.26090693765281175, 0.1551492772677529, 0.19592282284007353, 0.39645216418850804, 0.21289524231678486, 0.31629832783683404, 0.22882980551954876, 0.19937675647307512, 0.2327785574274955, 0.20864515487573293]","[0.2247030812164961, 0.22799169275144868, 0.2332393242524973, 0.20202734256772095, 0.17670495731314434, 0.18676493098226826, 0.19237674819325482]"
StarganPhoneDW,MSE_ref,"[1.8895018382352942, 1.8412224764847638, 1.7248779776522594, 1.4761932170943708, 1.743656463244417, 1.9288108861502347]","[1.6185512848432055, 1.9443627361918605, 1.7837796770453163, 1.6878149892769607, 1.6498490865251658, 1.7545021609042553, 1.7066825883999432, 1.5022373716606858]","[1.5506574210474047, 1.500105646306818, 1.45081992909209, 1.8706080274290393, 1.4567580202792554, 1.57030189479638, 1.3080971985571346]","[1.4068077540454276, 1.8534269570118158, 1.708804257974585, 1.5089605192632536, 1.6726684080070282, 1.7216907698384831, 2.163302386022044, 1.8140500710227272, 1.8747234109607218]","[1.7641210057713963, 2.214141015625, 1.7712296875, 1.6907113365667976, 1.8331253219436814, 2.0687383855430825, 1.6139827545032752, 1.6091968936011904]","[1.6480668555160412, 1.638281016930191, 1.9599361651598532, 1.5991737311613474, 1.6266132106551205, 1.7791097005208334, 1.8182125507540603, 1.551645945079291]","[1.722730505601415, 1.8290236404806581, 1.684171943832599, 1.516880265550772, 1.5773268074824893, 1.7669644604645094, 1.448753467504529]","[1.7007478675063776, 2.0680267160916825, 1.8038054704157782, 1.8459492090329601, 1.6344497200363197, 1.8664288024237472, 1.7116058659957627]","[1.9285009240591398, 1.6170319994004796, 1.8385914872332316, 1.8457839366129913, 1.8375619283536586, 1.7539777454242929, 1.8701862121730535]","[1.8905012589679913, 1.6501139322916667, 1.701900972406915, 1.9857193515327947, 1.7789680673543689, 1.7587381998697917, 1.786212741845624, 1.8207120139105362, 1.705562831716691]","[2.240151471418309, 1.836294917945171, 1.920011103130863, 2.0738102142467247, 2.0265336157570424, 2.231443964188856, 2.0539874967981557, 2.1729086779673166, 2.2620603063423643]","[1.9616404079861112, 2.0803546348314605, 1.9624009136375522, 1.9609145323720827, 2.030822463890389, 2.111962367839936, 1.7471310004102845, 2.249156230614144]","[1.8600433423501816, 1.5770395132211539, 1.7372321603687237, 1.4404052734375, 1.5492666611649062, 1.7729329427083333, 1.4505225548377403, 1.5330966777764188, 1.531194327765429]","[1.5591825810185185, 1.7630529995622306, 1.6041639350233101, 1.631279506888441, 1.7636323033915877, 1.5006107255196937, 2.011728467636671]","[2.0620855783045977, 2.1553276909722223, 2.1721706442636988, 2.3037849638650965, 2.2444340448181292, 2.084651618047592, 2.131029700337441]","[1.8974793859086243, 1.8967969912574405, 1.7707744069343065, 1.9870279555722892, 1.8565449089403974, 1.8728435008208255, 1.8577484421502977]","[1.7320507137456798, 1.5817801976312786, 1.6515891851380815, 1.4647805606617648, 1.616357858620304, 1.6796129769475359]","[1.849753649048354, 1.8430552808544305, 1.8896628593090716, 1.7306975880308015, 1.717185561414392, 1.7924736053589359, 1.9022107758033768, 1.7221272406176986, 1.7682045865221088]","[2.1134013464095744, 2.0359425264246322, 1.632459873540856, 1.8014214154411765, 2.19218497983871, 2.0277879358747044, 1.9463806352459017, 1.7985047207819507, 1.8260326965788654, 1.963778569148137, 1.8787169888488249]","[1.8091482162475585, 1.8044933757950774, 1.5334137292454104, 1.8439836183414045, 1.7120123240573346, 1.7158666112401464, 1.7522958628881156]"
StarganPhoneLeakage,PESQ,"[1.239551067352295, 1.3204469680786133, 1.2684240341186523, 1.1171760559082031, 1.3508508205413818, 1.4093235731124878]","[1.0457432270050049, 1.057677149772644, 1.044508695602417, 1.0616259574890137, 1.0581921339035034, 1.0593191385269165, 1.0792737007141113, 1.0621503591537476]","[1.070513367652893, 1.0656747817993164, 1.0656553506851196, 1.067436695098877, 1.064920425415039, 1.0882759094238281, 1.0699434280395508]","[1.3230888843536377, 1.5639407634735107, 1.5440893173217773, 1.4257407188415527, 1.6177442073822021, 1.410618543624878, 1.213026523590088, 1.319216251373291, 1.4048075675964355]","[1.3651700019836426, 1.3041598796844482, 1.3993901014328003, 1.6860899925231934, 1.2833349704742432, 1.2996397018432617, 1.4043126106262207, 1.3010447025299072]","[1.2960268259048462, 1.4555740356445312, 1.313093662261963, 1.2006102800369263, 1.2872533798217773, 1.2857756614685059, 1.181595802307129, 1.1629797220230103]","[1.2921197414398193, 1.178779125213623, 1.0891623497009277, 1.1278979778289795, 1.284672498703003, 1.152376651763916, 1.1169514656066895]","[1.0466814041137695, 1.0517445802688599, 1.05220627784729, 1.049127221107483, 1.0537598133087158, 1.051706075668335, 1.0567353963851929]","[1.2387452125549316, 1.3051791191101074, 1.4994624853134155, 1.2871567010879517, 1.1868672370910645, 1.567567229270935, 1.3939241170883179]","[1.316071629524231, 1.147860050201416, 1.202210783958435, 1.254899501800537, 1.200520634651184, 1.1958966255187988, 1.3033335208892822, 1.3183975219726562, 1.221451759338379]","[1.0303620100021362, 1.0399880409240723, 1.0394545793533325, 1.0326708555221558, 1.0366272926330566, 1.030439019203186, 1.035202980041504, 1.0322390794754028, 1.0395725965499878]","[1.0382245779037476, 1.0396759510040283, 1.039723515510559, 1.0500314235687256, 1.034127116203308, 1.0330179929733276, 1.0307480096817017, 1.0361980199813843]","[1.2938158512115479, 1.256014108657837, 1.3307247161865234, 1.263678789138794, 1.376416563987732, 1.3270459175109863, 1.2336087226867676, 1.290621042251587, 1.2901133298873901]","[1.0363084077835083, 1.030580759048462, 1.047829508781433, 1.0344822406768799, 1.0420219898223877, 1.045913577079773, 1.0485881567001343]","[1.1925482749938965, 1.2889177799224854, 1.1218262910842896, 1.2384319305419922, 1.193979024887085, 1.1508163213729858, 1.144465446472168]","[1.39761483669281, 1.306673288345337, 1.2009389400482178, 1.2493422031402588, 1.308005690574646, 1.3160300254821777, 1.2551143169403076]","[1.2883021831512451, 1.3431910276412964, 1.327404260635376, 1.2774848937988281, 1.193001389503479, 1.241769552230835]","[1.427243709564209, 1.2976576089859009, 1.4456396102905273, 1.30390202999115, 1.383538007736206, 1.5127625465393066, 1.6072921752929688, 1.264162302017212, 1.5260450839996338]","[1.0590426921844482, 1.0918382406234741, 1.0981590747833252, 1.0713117122650146, 1.0723986625671387, 1.072951316833496, 1.0860480070114136, 1.0909020900726318, 1.069644808769226, 1.1040377616882324, 1.119495153427124]","[1.2285315990447998, 1.2627944946289062, 1.2052617073059082, 1.217404842376709, 1.2435394525527954, 1.2381116151809692, 1.266316533088684]"
StarganPhoneLeakage,PESQ_ref,"[3.6884942054748535, 3.701674461364746, 3.8658432960510254, 4.066910743713379, 3.776134729385376, 3.828371047973633]","[3.173232078552246, 3.117553234100342, 3.6005890369415283, 3.534553050994873, 3.2223432064056396, 3.431928873062134, 3.3528454303741455, 3.4361371994018555]","[3.4732959270477295, 3.5550074577331543, 3.4982094764709473, 3.3791606426239014, 3.4920806884765625, 3.58548903465271, 3.3877456188201904]","[4.128931522369385, 4.104712009429932, 4.094630241394043, 4.083442687988281, 4.160727024078369, 3.9473087787628174, 4.044565200805664, 4.0531840324401855, 4.0101423263549805]","[3.930211305618286, 3.919689655303955, 4.081730365753174, 3.8074307441711426, 3.755995512008667, 3.8433525562286377, 3.8354830741882324, 3.9933760166168213]","[4.129181861877441, 3.974924325942993, 4.171385288238525, 4.084314823150635, 4.015043258666992, 4.01859188079834, 4.002895832061768, 4.143674850463867]","[3.670443296432495, 3.907926559448242, 3.7457683086395264, 3.979522705078125, 3.9133832454681396, 3.8956189155578613, 3.6275839805603027]","[2.1037843227386475, 3.361264228820801, 3.4990286827087402, 3.493065357208252, 3.52384614944458, 3.5489068031311035, 3.5544161796569824]","[4.150923252105713, 2.3428549766540527, 3.858950138092041, 3.8082163333892822, 4.15733003616333, 4.101701736450195, 4.081308841705322]","[3.7880232334136963, 4.234839916229248, 4.110613822937012, 3.403061866760254, 4.182112693786621, 3.988987922668457, 4.1985321044921875, 4.029670238494873, 3.555166482925415]","[3.7843899726867676, 3.8248450756073, 3.878354549407959, 3.9547762870788574, 3.5065062046051025, 3.715247392654419, 3.8606197834014893, 3.929246425628662, 3.771772623062134]","[4.0004496574401855, 3.924560308456421, 3.8877391815185547, 3.954740047454834, 3.9109549522399902, 3.777270793914795, 3.842113733291626, 3.9870684146881104]","[3.5237531661987305, 3.6536471843719482, 3.552834987640381, 3.4226882457733154, 3.692636013031006, 3.4942665100097656, 3.6900079250335693, 3.5638620853424072, 3.5954501628875732]","[3.8336398601531982, 4.049294471740723, 4.098046779632568, 3.752347946166992, 4.010767459869385, 4.032104969024658, 3.9419853687286377]","[3.093327522277832, 3.2371394634246826, 3.0646402835845947, 2.736236095428467, 3.0541951656341553, 3.388486385345459, 3.003998279571533]","[3.293520927429199, 3.5177969932556152, 3.537808895111084, 3.310269594192505, 3.469581365585327, 3.554550886154175, 3.502629041671753]","[3.307973623275757, 3.356397867202759, 3.1599950790405273, 3.2772371768951416, 1.7463003396987915, 3.0984959602355957]","[3.0816850662231445, 3.244790554046631, 3.2631332874298096, 2.022920608520508, 3.1079792976379395, 3.3067007064819336, 3.1862595081329346, 3.315568685531616, 3.3086459636688232]","[2.3193142414093018, 2.51259446144104, 2.355053186416626, 2.1514389514923096, 2.051025629043579, 2.0936529636383057, 2.0142533779144287, 2.6626827716827393, 2.258742094039917, 2.4383790493011475, 2.076911449432373]","[2.8918230533599854, 3.2803642749786377, 3.2453227043151855, 3.2957496643066406, 3.127046823501587, 2.9738919734954834, 2.970069646835327]"
StarganPhoneLeakage,MSE,"[0.28770728975183824, 0.2977009180173352, 0.19752780037450884, 0.21396920917839404, 0.24589178875717277, 0.31435859214531986]","[0.3008956856013175, 0.3431261355377907, 0.36200842196053834, 0.2823669284363539, 0.2969125911889487, 0.3070761562915558, 0.28925820002480157, 0.3163433652935606]","[0.37429010822707454, 0.35770080981611396, 0.38674587047127595, 0.49362665034798037, 0.3118253147855718, 0.3490986129277432, 0.2711613843169954]","[0.2451569400887025, 0.3064515071128731, 0.21302437050213952, 0.22203199105054575, 0.29290428314821787, 0.291026487886236, 0.567688502004008, 0.4075585197679924, 0.33499942463674365]","[0.2399951994820927, 0.37891770170596306, 0.24983443757017215, 0.21401513480015963, 0.22720625321943683, 0.34529248992698247, 0.20345752166348252, 0.19313580655711846]","[0.34294572511539045, 0.32364781636895884, 0.5191280340998428, 0.3351121546247045, 0.37223556334713853, 0.483095745862965, 0.4913397485861369, 0.29352811746929414]","[0.35145394955041276, 0.33801241339491916, 0.3669713495061261, 0.32694170084248814, 0.2812155315440188, 0.30690329278933975, 0.3048812202785326]","[0.3015865824623302, 0.37074752259569943, 0.3335267805087287, 0.32288715115827116, 0.2940415204581568, 0.32617506638071897, 0.29380302817134535]","[0.19885750500532035, 0.1568417043708783, 0.1798518036633003, 0.1895221027224345, 0.234292992520284, 0.16935115058886233, 0.2253665227959626]","[0.3194147307878035, 0.24525623226640236, 0.281441650390625, 0.34845156361394963, 0.31416721973604367, 0.21415365804976183, 0.2609220680966369, 0.26582213898846635, 0.3249151048339129]","[0.39939433882389164, 0.35139260858117455, 0.3492737617993668, 0.36424011496997816, 0.3652869119010941, 0.40223793165218197, 0.39179582654332823, 0.39767647400600686, 0.3825093086129926]","[0.35591468641493057, 0.43289150280898875, 0.3246261277458159, 0.30230829043705115, 0.4191342446510529, 0.433154296875, 0.3154679379786652, 0.4453126514520006]","[0.27398740754577783, 0.19644415439703525, 0.2675552942762814, 0.17306869445059464, 0.23678710650949972, 0.23823868815104166, 0.18273656465452637, 0.18139829990215264, 0.18304923468553871]","[0.3493699363425926, 0.45848464801747313, 0.3912734807510198, 0.41435279107862905, 0.38792417987263034, 0.30036006735503284, 0.5020048324247544]","[0.24210056348778736, 0.23097715072794509, 0.21482975929295092, 0.361705680373394, 0.2546473549364896, 0.177338247059139, 0.20283224616252202]","[0.22725205940387577, 0.1561511404440692, 0.13817143126995896, 0.20964190747364458, 0.17077205565328366, 0.23821968808630395, 0.155743408203125]","[0.2053374962872624, 0.17163115200931078, 0.2208761099881904, 0.1285694263599537, 0.18219932051165585, 0.25839832105773053]","[0.2608283148871528, 0.23060725087354958, 0.24925498479529273, 0.17286008989982057, 0.19736506838360732, 0.281339371156501, 0.23914271003540305, 0.2007813638184732, 0.18323765622785573]","[0.5474605219414893, 0.45819333549816627, 0.28400306553228355, 0.3530019818474265, 0.6240861265120968, 0.4663385197344119, 0.44897396900614756, 0.4156460749194226, 0.36488079727439215, 0.4066520123744754, 0.39853177263792644]","[0.21839264094480995, 0.23308081216370033, 0.23789331423798596, 0.22305797364463528, 0.16495962870489692, 0.19656070323472613, 0.1947797950891662]"
StarganPhoneLeakage,MSE_ref,"[1.8895018382352942, 1.8412224764847638, 1.7248779776522594, 1.4761932170943708, 1.743656463244417, 1.9288108861502347]","[1.6185512848432055, 1.9443627361918605, 1.7837796770453163, 1.6878149892769607, 1.6498490865251658, 1.7545021609042553, 1.7066825883999432, 1.5022373716606858]","[1.5506574210474047, 1.500105646306818, 1.45081992909209, 1.8706080274290393, 1.4567580202792554, 1.57030189479638, 1.3080971985571346]","[1.4068077540454276, 1.8534269570118158, 1.708804257974585, 1.5089605192632536, 1.6726684080070282, 1.7216907698384831, 2.163302386022044, 1.8140500710227272, 1.8747234109607218]","[1.7641210057713963, 2.214141015625, 1.7712296875, 1.6907113365667976, 1.8331253219436814, 2.0687383855430825, 1.6139827545032752, 1.6091968936011904]","[1.6480668555160412, 1.638281016930191, 1.9599361651598532, 1.5991737311613474, 1.6266132106551205, 1.7791097005208334, 1.8182125507540603, 1.551645945079291]","[1.722730505601415, 1.8290236404806581, 1.684171943832599, 1.516880265550772, 1.5773268074824893, 1.7669644604645094, 1.448753467504529]","[1.7007478675063776, 2.0680267160916825, 1.8038054704157782, 1.8459492090329601, 1.6344497200363197, 1.8664288024237472, 1.7116058659957627]","[1.9285009240591398, 1.6170319994004796, 1.8385914872332316, 1.8457839366129913, 1.8375619283536586, 1.7539777454242929, 1.8701862121730535]","[1.8905012589679913, 1.6501139322916667, 1.701900972406915, 1.9857193515327947, 1.7789680673543689, 1.7587381998697917, 1.786212741845624, 1.8207120139105362, 1.705562831716691]","[2.240151471418309, 1.836294917945171, 1.920011103130863, 2.0738102142467247, 2.0265336157570424, 2.231443964188856, 2.0539874967981557, 2.1729086779673166, 2.2620603063423643]","[1.9616404079861112, 2.0803546348314605, 1.9624009136375522, 1.9609145323720827, 2.030822463890389, 2.111962367839936, 1.7471310004102845, 2.249156230614144]","[1.8600433423501816, 1.5770395132211539, 1.7372321603687237, 1.4404052734375, 1.5492666611649062, 1.7729329427083333, 1.4505225548377403, 1.5330966777764188, 1.531194327765429]","[1.5591825810185185, 1.7630529995622306, 1.6041639350233101, 1.631279506888441, 1.7636323033915877, 1.5006107255196937, 2.011728467636671]","[2.0620855783045977, 2.1553276909722223, 2.1721706442636988, 2.3037849638650965, 2.2444340448181292, 2.084651618047592, 2.131029700337441]","[1.8974793859086243, 1.8967969912574405, 1.7707744069343065, 1.9870279555722892, 1.8565449089403974, 1.8728435008208255, 1.8577484421502977]","[1.7320507137456798, 1.5817801976312786, 1.6515891851380815, 1.4647805606617648, 1.616357858620304, 1.6796129769475359]","[1.849753649048354, 1.8430552808544305, 1.8896628593090716, 1.7306975880308015, 1.717185561414392, 1.7924736053589359, 1.9022107758033768, 1.7221272406176986, 1.7682045865221088]","[2.1134013464095744, 2.0359425264246322, 1.632459873540856, 1.8014214154411765, 2.19218497983871, 2.0277879358747044, 1.9463806352459017, 1.7985047207819507, 1.8260326965788654, 1.963778569148137, 1.8787169888488249]","[1.8091482162475585, 1.8044933757950774, 1.5334137292454104, 1.8439836183414045, 1.7120123240573346, 1.7158666112401464, 1.7522958628881156]"
StarganPhoneDWLeakage,PESQ,"[1.2245014905929565, 1.170036792755127, 1.3507862091064453, 1.2732545137405396, 1.4509578943252563, 1.4267246723175049]","[1.0527704954147339, 1.0530331134796143, 1.056401014328003, 1.0730990171432495, 1.0699269771575928, 1.068768858909607, 1.0826332569122314, 1.0632524490356445]","[1.0748018026351929, 1.0573344230651855, 1.0562278032302856, 1.0807591676712036, 1.0647457838058472, 1.0906261205673218, 1.0729633569717407]","[1.2059481143951416, 1.2906705141067505, 1.2338533401489258, 1.3470503091812134, 1.4545824527740479, 1.229016900062561, 1.2361196279525757, 1.2919011116027832, 1.3685925006866455]","[1.3670223951339722, 1.3867872953414917, 1.4040048122406006, 1.5396326780319214, 1.3402522802352905, 1.4365264177322388, 1.3842699527740479, 1.5361912250518799]","[1.1622906923294067, 1.238121509552002, 1.2286574840545654, 1.2084139585494995, 1.2030088901519775, 1.200901746749878, 1.1176267862319946, 1.3084343671798706]","[1.0937622785568237, 1.065387487411499, 1.0803323984146118, 1.0796259641647339, 1.0846270322799683, 1.0624773502349854, 1.0508469343185425]","[1.0459085702896118, 1.0546543598175049, 1.0575908422470093, 1.0627894401550293, 1.0582828521728516, 1.0507344007492065, 1.0779110193252563]","[1.0472800731658936, 1.0452539920806885, 1.0393667221069336, 1.0416268110275269, 1.0504090785980225, 1.0459493398666382, 1.0375125408172607]","[1.1826707124710083, 1.1955101490020752, 1.130474328994751, 1.165459156036377, 1.1789172887802124, 1.1695983409881592, 1.2747230529785156, 1.2768431901931763, 1.2122151851654053]","[1.0290597677230835, 1.0319784879684448, 1.0291674137115479, 1.0279490947723389, 1.0303146839141846, 1.0290329456329346, 1.0271377563476562, 1.0414282083511353, 1.0379801988601685]","[1.0406383275985718, 1.0320595502853394, 1.0380522012710571, 1.033935308456421, 1.029153823852539, 1.027091145515442, 1.0294413566589355, 1.0392131805419922]","[1.2725638151168823, 1.1980085372924805, 1.3377959728240967, 1.2157429456710815, 1.3565356731414795, 1.3231850862503052, 1.20487642288208, 1.306967854499817, 1.2511711120605469]","[1.0356075763702393, 1.0289443731307983, 1.0454330444335938, 1.0333448648452759, 1.0422053337097168, 1.0429351329803467, 1.045922040939331]","[1.2024106979370117, 1.2049901485443115, 1.1428524255752563, 1.2086454629898071, 1.192300796508789, 1.1877037286758423, 1.1918450593948364]","[1.3071858882904053, 1.4279789924621582, 1.3266741037368774, 1.3566622734069824, 1.3386765718460083, 1.454209327697754, 1.353075623512268]","[1.2370175123214722, 1.238073468208313, 1.3723591566085815, 1.2955193519592285, 1.1917511224746704, 1.229647159576416]","[1.5344336032867432, 1.2245064973831177, 1.3058743476867676, 1.2788695096969604, 1.3044970035552979, 1.2935500144958496, 1.3189772367477417, 1.2123916149139404, 1.3673956394195557]","[1.1573371887207031, 1.2116599082946777, 1.226660966873169, 1.2394797801971436, 1.1758017539978027, 1.0897942781448364, 1.0894116163253784, 1.2119601964950562, 1.145969033241272, 1.168224573135376, 1.2347750663757324]","[1.118112564086914, 1.1752418279647827, 1.1068782806396484, 1.1489684581756592, 1.1716300249099731, 1.2265172004699707, 1.130399227142334]"
StarganPhoneDWLeakage,PESQ_ref,"[3.6884942054748535, 3.701674461364746, 3.8658432960510254, 4.066910743713379, 3.776134729385376, 3.828371047973633]","[3.173232078552246, 3.117553234100342, 3.6005890369415283, 3.534553050994873, 3.2223432064056396, 3.431928873062134, 3.3528454303741455, 3.4361371994018555]","[3.4732959270477295, 3.5550074577331543, 3.4982094764709473, 3.3791606426239014, 3.4920806884765625, 3.58548903465271, 3.3877456188201904]","[4.128931522369385, 4.104712009429932, 4.094630241394043, 4.083442687988281, 4.160727024078369, 3.9473087787628174, 4.044565200805664, 4.0531840324401855, 4.0101423263549805]","[3.930211305618286, 3.919689655303955, 4.081730365753174, 3.8074307441711426, 3.755995512008667, 3.8433525562286377, 3.8354830741882324, 3.9933760166168213]","[4.129181861877441, 3.974924325942993, 4.171385288238525, 4.084314823150635, 4.015043258666992, 4.01859188079834, 4.002895832061768, 4.143674850463867]","[3.670443296432495, 3.907926559448242, 3.7457683086395264, 3.979522705078125, 3.9133832454681396, 3.8956189155578613, 3.6275839805603027]","[2.1037843227386475, 3.361264228820801, 3.4990286827087402, 3.493065357208252, 3.52384614944458, 3.5489068031311035, 3.5544161796569824]","[4.150923252105713, 2.3428549766540527, 3.858950138092041, 3.8082163333892822, 4.15733003616333, 4.101701736450195, 4.081308841705322]","[3.7880232334136963, 4.234839916229248, 4.110613822937012, 3.403061866760254, 4.182112693786621, 3.988987922668457, 4.1985321044921875, 4.029670238494873, 3.555166482925415]","[3.7843899726867676, 3.8248450756073, 3.878354549407959, 3.9547762870788574, 3.5065062046051025, 3.715247392654419, 3.8606197834014893, 3.929246425628662, 3.771772623062134]","[4.0004496574401855, 3.924560308456421, 3.8877391815185547, 3.954740047454834, 3.9109549522399902, 3.777270793914795, 3.842113733291626, 3.9870684146881104]","[3.5237531661987305, 3.6536471843719482, 3.552834987640381, 3.4226882457733154, 3.692636013031006, 3.4942665100097656, 3.6900079250335693, 3.5638620853424072, 3.5954501628875732]","[3.8336398601531982, 4.049294471740723, 4.098046779632568, 3.752347946166992, 4.010767459869385, 4.032104969024658, 3.9419853687286377]","[3.093327522277832, 3.2371394634246826, 3.0646402835845947, 2.736236095428467, 3.0541951656341553, 3.388486385345459, 3.003998279571533]","[3.293520927429199, 3.5177969932556152, 3.537808895111084, 3.310269594192505, 3.469581365585327, 3.554550886154175, 3.502629041671753]","[3.307973623275757, 3.356397867202759, 3.1599950790405273, 3.2772371768951416, 1.7463003396987915, 3.0984959602355957]","[3.0816850662231445, 3.244790554046631, 3.2631332874298096, 2.022920608520508, 3.1079792976379395, 3.3067007064819336, 3.1862595081329346, 3.315568685531616, 3.3086459636688232]","[2.3193142414093018, 2.51259446144104, 2.355053186416626, 2.1514389514923096, 2.051025629043579, 2.0936529636383057, 2.0142533779144287, 2.6626827716827393, 2.258742094039917, 2.4383790493011475, 2.076911449432373]","[2.8918230533599854, 3.2803642749786377, 3.2453227043151855, 3.2957496643066406, 3.127046823501587, 2.9738919734954834, 2.970069646835327]"
StarganPhoneDWLeakage,MSE,"[0.29830072380514705, 0.32346021358053484, 0.25112367041687134, 0.19066604041632174, 0.2629545680346619, 0.32222186881051934]","[0.2938527815017966, 0.3481735726289971, 0.34129956470498785, 0.26094006675962717, 0.26495385580504965, 0.2891024195894282, 0.29188464936755953, 0.3034935082735247]","[0.39735631317719344, 0.3844818461238662, 0.4055333091260104, 0.6033457926787664, 0.3504168051861702, 0.41567609277785633, 0.2759683772748695]","[0.2339102049621437, 0.3593776114544465, 0.2875782566941131, 0.2493516315293659, 0.31670740579505524, 0.32002841906601126, 0.602464792866984, 0.4158442333491162, 0.3570209090117436]","[0.24501788535814606, 0.3668488462528069, 0.24420845808383235, 0.19866000851854126, 0.2352316161215087, 0.2837327269029964, 0.20454381418019923, 0.16857399838554038]","[0.35852449800431296, 0.36712401761075475, 0.4827269228249476, 0.3698406102245863, 0.3903616810993976, 0.49220171037335886, 0.5134401396642981, 0.30163073183885264]","[0.46012101083431606, 0.4899810438618649, 0.43604225461178414, 0.3850695539823337, 0.37272082913306454, 0.45772814661077765, 0.40483663807744563]","[0.2408053283173281, 0.31894090504637285, 0.24619804333522122, 0.25210284332730876, 0.2037220213661471, 0.2671318901909722, 0.2132740913003178]","[0.2926409758974574, 0.25692200146133093, 0.28173006383384147, 0.267275454591976, 0.3022082346206263, 0.2762115427737625, 0.3174094541229471]","[0.31719377867170256, 0.22430438141324627, 0.27693050303357714, 0.3906357681796578, 0.30259862807190535, 0.2108222802847142, 0.28163674723966775, 0.25279190938668955, 0.34487565628431555]","[0.32750035679007594, 0.35309444557972836, 0.34188392739358586, 0.3339474873771834, 0.36074375943158954, 0.3366056604027983, 0.3994930462359407, 0.3189734417459239, 0.33107976302724756]","[0.3230279676649306, 0.37622210213307583, 0.29669051549424685, 0.28789945701722397, 0.3488272813174946, 0.4017002538644272, 0.27561473220391136, 0.37065069231738523]","[0.34337412393121974, 0.23634267953725963, 0.3137904977199922, 0.1961316313338183, 0.2442663918078785, 0.28808555772569444, 0.19947654669233364, 0.21332522875642124, 0.21466616067926256]","[0.3252560161072531, 0.39781475764448926, 0.39768535907451924, 0.37306729880712364, 0.38444433709456455, 0.3255631261111871, 0.45180166183584153]","[0.19852707435344827, 0.1686283331181703, 0.18527402834260845, 0.26975285858873127, 0.20479899840321883, 0.17177103073155034, 0.17852287471574238]","[0.17785080551366786, 0.13093441489756533, 0.1354772266100213, 0.22661890236728163, 0.16554305390280077, 0.181487705023159, 0.15354266313928888]","[0.2502817180299539, 0.231162153966895, 0.25330699831940406, 0.16616164396531183, 0.27484157064093245, 0.29590486123186605]","[0.30291120113168724, 0.2815632365423919, 0.27932497177445936, 0.23289501427463366, 0.23019306192327077, 0.2975799192865211, 0.29630478005004085, 0.20620006214488637, 0.22358871771364797]","[0.468616034325133, 0.3937154979752445, 0.2523519671844601, 0.3048212890625, 0.5846468623991935, 0.3925658025358304, 0.4485646532402664, 0.3482919462058576, 0.28188510048121884, 0.33390226295526076, 0.3197075882446029]","[0.24155332925956385, 0.23471949158388522, 0.31998069548967334, 0.248029318156023, 0.1953586979502255, 0.22575240574525984, 0.23427655957240365]"
StarganPhoneDWLeakage,MSE_ref,"[1.8895018382352942, 1.8412224764847638, 1.7248779776522594, 1.4761932170943708, 1.743656463244417, 1.9288108861502347]","[1.6185512848432055, 1.9443627361918605, 1.7837796770453163, 1.6878149892769607, 1.6498490865251658, 1.7545021609042553, 1.7066825883999432, 1.5022373716606858]","[1.5506574210474047, 1.500105646306818, 1.45081992909209, 1.8706080274290393, 1.4567580202792554, 1.57030189479638, 1.3080971985571346]","[1.4068077540454276, 1.8534269570118158, 1.708804257974585, 1.5089605192632536, 1.6726684080070282, 1.7216907698384831, 2.163302386022044, 1.8140500710227272, 1.8747234109607218]","[1.7641210057713963, 2.214141015625, 1.7712296875, 1.6907113365667976, 1.8331253219436814, 2.0687383855430825, 1.6139827545032752, 1.6091968936011904]","[1.6480668555160412, 1.638281016930191, 1.9599361651598532, 1.5991737311613474, 1.6266132106551205, 1.7791097005208334, 1.8182125507540603, 1.551645945079291]","[1.722730505601415, 1.8290236404806581, 1.684171943832599, 1.516880265550772, 1.5773268074824893, 1.7669644604645094, 1.448753467504529]","[1.7007478675063776, 2.0680267160916825, 1.8038054704157782, 1.8459492090329601, 1.6344497200363197, 1.8664288024237472, 1.7116058659957627]","[1.9285009240591398, 1.6170319994004796, 1.8385914872332316, 1.8457839366129913, 1.8375619283536586, 1.7539777454242929, 1.8701862121730535]","[1.8905012589679913, 1.6501139322916667, 1.701900972406915, 1.9857193515327947, 1.7789680673543689, 1.7587381998697917, 1.786212741845624, 1.8207120139105362, 1.705562831716691]","[2.240151471418309, 1.836294917945171, 1.920011103130863, 2.0738102142467247, 2.0265336157570424, 2.231443964188856, 2.0539874967981557, 2.1729086779673166, 2.2620603063423643]","[1.9616404079861112, 2.0803546348314605, 1.9624009136375522, 1.9609145323720827, 2.030822463890389, 2.111962367839936, 1.7471310004102845, 2.249156230614144]","[1.8600433423501816, 1.5770395132211539, 1.7372321603687237, 1.4404052734375, 1.5492666611649062, 1.7729329427083333, 1.4505225548377403, 1.5330966777764188, 1.531194327765429]","[1.5591825810185185, 1.7630529995622306, 1.6041639350233101, 1.631279506888441, 1.7636323033915877, 1.5006107255196937, 2.011728467636671]","[2.0620855783045977, 2.1553276909722223, 2.1721706442636988, 2.3037849638650965, 2.2444340448181292, 2.084651618047592, 2.131029700337441]","[1.8974793859086243, 1.8967969912574405, 1.7707744069343065, 1.9870279555722892, 1.8565449089403974, 1.8728435008208255, 1.8577484421502977]","[1.7320507137456798, 1.5817801976312786, 1.6515891851380815, 1.4647805606617648, 1.616357858620304, 1.6796129769475359]","[1.849753649048354, 1.8430552808544305, 1.8896628593090716, 1.7306975880308015, 1.717185561414392, 1.7924736053589359, 1.9022107758033768, 1.7221272406176986, 1.7682045865221088]","[2.1134013464095744, 2.0359425264246322, 1.632459873540856, 1.8014214154411765, 2.19218497983871, 2.0277879358747044, 1.9463806352459017, 1.7985047207819507, 1.8260326965788654, 1.963778569148137, 1.8787169888488249]","[1.8091482162475585, 1.8044933757950774, 1.5334137292454104, 1.8439836183414045, 1.7120123240573346, 1.7158666112401464, 1.7522958628881156]"
